descriptor,Central_Asia,,,,,,,,,
,,,,,,,,,,
date,20191005,,,,,,,,,
juld,278,,,,,,# Julian Day,,,
,,,,,,,,,,
data files,,,,,,,# all V10r data,,,
path_sat_data,../sat_data,,,,,,"# Note that I used V8r for most data files (for heritage reasons), except for the Lite file (V10)",,,
l2,oco2_L2StdND_27976a_191005_B10004r_200303050405.h5,,,,,,# L2 file https://oco2.gesdisc.eosdis.nasa.gov/data/OCO2_DATA/OCO2_L2_Standard.10r,,,
lt,oco2_LtCO2_191005_B10206Ar_200731173649s.nc4,,,,,,# lite file https://oco2.gesdisc.eosdis.nasa.gov/data/OCO2_DATA/OCO2_L2_Lite_FP.10r,,,
l1b,oco2_L1bScND_27976a_191005_B10003r_200221081758.h5,,,,,,# L1B file https://oco2.gesdisc.eosdis.nasa.gov/data/OCO2_DATA/OCO2_L1B_Science.10r,,,
dia,oco2_L2DiaND_27976a_191005_B10004r_200303044847.h5,,,,,,# diagnostic file https://oco2.gesdisc.eosdis.nasa.gov/data/OCO2_DATA/OCO2_L2_Diagnostic.10r,,,
met,oco2_L2MetND_27976a_191005_B10003r_200124040118.h5,,,,,,# MET file https://oco2.gesdisc.eosdis.nasa.gov/data/OCO2_DATA/OCO2_L2_Met.10r,,,
imap,oco2_L2IDPND_27976a_191005_B10003r_200221181225.h5,,,,,,,,,
co2prior,oco2_L2CPrND_27976a_191005_B10003r_200124150015.h5,,,,,,,,,
sol,solar.txt,,,,,,# Location of solar file,,,
,,,,,,,,,,
# zpt setting,,,,,,,,,,
o2mix,0.20935,,,,,,# o2 dry-air mixing ratio,,,
,,,,,,,,,,
# absorption information,,,,,,,,,,
footprint,1,,,,,,# 1 to 8,,,
ils_min,0.05,,,,,,# minimum relative ils weight for calculating absorbance,,,
nx,10,,,,,,# number of transmittance interval,,,
Trn_min,0.4,,,,,,# minimum transmittance for selecting the wavelength,,,
abs_interpolation,trilinear,,,,,,"# single, linear, or trilinear",,,
g_mode,FALSE,,,,,,# TRUE or FALSE,,,
,,,,,,,,,,
# aerosol setting,,,,,,,,,,
_aerosol,TRUE,,,,,,# TRUE or FALSE,,,
asy,0.6,,,,,,# aerosol asymmetry parameter,,,
,,,,,,,,,,
,,,,,,,,,,
# cot-ref relationship,,,,,,,,,,
cth_thick,10,,,,,,# clout top height for thick clouds (km),,,
cgt_thick,7,,,,,,# clout geometric thickness for thick clouds (km),,,
cth_thin,3,,,,,,# clout top height for thin clouds (km),,,
cgt_thin,1,,,,,,# clout geometric thickness for thin clouds (km),,,
cot_Nphotons,1.00E+07,,,,,,# number photons used for COT-Ref relationship,,,
,,,,,,,,,,
,,,,,,,,,,
,,,,,,,,,,
,,,,,,,,,,
,,,,,,,,,,
,,,,,,,,,,
simulator information,,,,,,,,,,
#pathsim,/Users/schmidt/rtm/ocosim/dat/new/,,,,,,,,,
pathsim,/Users/schmidt/rtm/er3toco/oco/,,,,,,,,,
o2,data_all_20191005_o2a_5748_5797.h5,,,,,,#data_all_20181018_o2a_6170_6209_sfc_alb_0.288_sza_48.5.h5,,,
wco2,data_all_20191005_wco2_5748_5797.h5,,,,,,,,,
sco2,data_all_20191005_sco2_5748_5797.h5,,,,,,,,,
,,,,,,,,,,
full physics retrieval information,,,,,,,,,,
python,/data/hong/soft/python3/anaconda/envs/oco/bin/python,,,,,,# python that is used for retrieval sub-process,,,
,,,,,,,,,,
domain info,,,,,,,,,,
png,aqua_rgb_2019-10-05_55.81-56.37-30.58-31.52.png,,,,,,# PNG file,,,
pngwesn,55.96,56.22,30.73,31.37,,,# PNG file extent,,,
subdomain,55.96,56.22,30.73,31.37,,,# sub-domain to zoom into (this is processed by the OCO simulator),,,
location,-60.0217,-3.119,Manaus,,,,# special location to plot with label,,,
,,,,,,,,,,
# simulation parameters,,,,,,,,,,
ref_threshold,0.09,,,,,,,,,
modis_650_N_photons,1.00E+08,,,,,,,,,
oco_N_photons,2.00E+09,,,,,,,,,
Ncpu,32,,,,,,,,,
,,,,,,,,,,
SND,LON,LAT,L2XCO2[ppm],L2PSUR[kPa],i1,s1,i2,s2,i3,s3
SND2019100509313602,56.168926,30.7366,404.36877,81.34764,0.177694099,0.201063049,0.109999456,0.082063193,0.075823279,0.098199931
SND2019100509313634,56.174313,30.7394,407.39923,81.835754,0.209994867,0.213863854,0.133297082,0.087144097,0.097772534,0.10860048
SND2019100509313635,56.17949,30.730759,406.0591,82.31821,0.534276331,0.302001186,0.390202638,0.121929394,0.405096938,0.190668794
SND2019100509313671,56.152866,30.7853,407.08508,83.92459,0.032782049,0.107664694,0.015743657,0.044681807,0.005786906,0.035454684
SND2019100509313672,56.158325,30.77673,404.5394,83.438034,0.04279117,0.118805414,0.021389659,0.049175874,0.008681471,0.041631512
SND2019100509313674,56.169037,30.759401,407.76456,82.77578,0.063705722,0.137626609,0.033805341,0.056743139,0.015909906,0.052916519
SND2019100509313675,56.174217,30.750763,407.39243,82.533714,0.083475827,0.152082882,0.046131517,0.062536462,0.024007545,0.062279187
SND2019100509313676,56.179325,30.742064,414.02878,81.59597,0.175088055,0.19996827,0.108145968,0.081628259,0.074137056,0.097329316
SND2019100509313677,56.184338,30.73333,409.8033,82.2241,0.534276331,0.302001186,0.390202638,0.121929394,0.405096938,0.190668794
SND2019100509313701,56.147556,30.80532,406.50885,84.37293,0.015584018,0.081794973,0.006693338,0.034195581,0.00186569,0.022647116
SND2019100509313702,56.153015,30.796755,407.44366,84.221634,0.020318127,0.09021934,0.009081341,0.037618938,0.002793857,0.026573683
SND2019100509313704,56.163734,30.779432,406.1982,83.63535,0.036238611,0.111727884,0.017667692,0.046322236,0.006740877,0.037662957
SND2019100509313705,56.168922,30.770794,408.42664,83.21603,0.043111414,0.119133213,0.021573882,0.04930793,0.008780563,0.041819028
SND2019100509313706,56.174034,30.762096,411.56332,82.753654,0.05101908,0.12678312,0.026185081,0.052387035,0.011346375,0.046286993
SND2019100509313731,56.14224,30.825346,404.18393,84.82093,0.008381367,0.065040599,0.003279602,0.027358053,0.00072579,0.015583125
SND2019100509313732,56.1477,30.816782,404.27435,84.736534,0.009999049,0.069423708,0.004017691,0.029150927,0.000949464,0.017332104
SND2019100509313734,56.158432,30.799461,407.65332,84.28481,0.016685513,0.083885583,0.007240318,0.035045972,0.002070086,0.023598826
SND2019100509313735,56.163624,30.790827,406.64395,84.07803,0.022622323,0.093872888,0.010275681,0.039100907,0.003290187,0.028351234
SND2019100509313736,56.16874,30.78213,405.98856,83.70245,0.03156539,0.10617043,0.015073488,0.044078116,0.005463165,0.034655611
SND2019100509313738,56.1787,30.764624,408.4161,82.98266,0.044941499,0.120977631,0.022630565,0.050050783,0.009354191,0.042880188
SND2019100509313771,56.136917,30.84537,405.11102,84.84902,0.004797398,0.052922536,0.00172631,0.02238369,0.000310432,0.011132784
SND2019100509313772,56.142387,30.836807,405.97656,84.90137,0.005436723,0.055426636,0.001993473,0.02341389,0.000375552,0.012004715
SND2019100509313774,56.153122,30.81949,404.66882,84.76866,0.008318091,0.064858709,0.00325114,0.027283584,0.000717466,0.015512108
SND2019100509313775,56.158314,30.810854,405.34833,84.73809,0.010597941,0.070932215,0.004295697,0.029767261,0.00103737,0.017950574
SND2019100509313776,56.163433,30.802158,406.26697,84.47167,0.012599221,0.075614395,0.005241297,0.031678073,0.00134985,0.019923146
SND2019100509313778,56.173397,30.78465,405.58136,83.85259,0.030040015,0.104244778,0.014238752,0.043299807,0.005066407,0.033636275
SND2019100509313801,56.131557,30.86538,404.37637,85.14,0.00296034,0.044275201,0.000990751,0.01881568,0.000148872,0.008322038
SND2019100509313802,56.13703,30.856817,406.29013,85.06285,0.003433704,0.04676996,0.001175063,0.019846816,0.000186585,0.009100374
SND2019100509313804,56.14777,30.8395,407.3614,84.70937,0.004581823,0.052030955,0.00163739,0.022016578,0.000289449,0.010828505
SND2019100509313805,56.15297,30.830866,405.51044,84.697075,0.005593552,0.056012191,0.002059756,0.023654609,0.000392166,0.01221226
SND2019100509313806,56.158092,30.822172,405.4514,84.815216,0.006961036,0.060727325,0.002648918,0.025590592,0.00054709,0.013933126
SND2019100509313808,56.168064,30.804668,406.13028,84.52669,0.010976922,0.071859209,0.004472852,0.03014583,0.001094363,0.01833478
SND2019100509313831,56.12619,30.885386,405.24753,85.27337,0.001971015,0.038096047,0.000620555,0.016254812,8.02E-05,0.006512587
SND2019100509313832,56.131668,30.876825,404.1544,85.25097,0.002148575,0.03932994,0.000685279,0.016767016,9.14E-05,0.006860137
SND2019100509313834,56.142418,30.859512,406.22812,85.062874,0.002756513,0.043123248,0.000912703,0.018339034,0.000133553,0.007971786
SND2019100509313835,56.14762,30.85088,404.96884,85.127174,0.003246803,0.045812558,0.001101802,0.01945128,0.000171347,0.008798495
SND2019100509313836,56.15275,30.842186,405.5927,85.02986,0.003883895,0.048948492,0.001353948,0.020746047,0.000225072,0.00980187
SND2019100509313838,56.16273,30.824686,405.52448,84.74802,0.005670803,0.056296823,0.002092509,0.023771596,0.00040044,0.012313642
SND2019100509313871,56.120823,30.90539,406.38025,85.186356,0.001245902,0.032156185,0.000366146,0.013782618,3.99E-05,0.0049395
SND2019100509313872,56.126305,30.896832,407.4203,84.866035,0.001364209,0.033252437,0.000406414,0.014239739,4.58E-05,0.005217103
SND2019100509313874,56.13708,30.879541,406.06107,84.974724,0.001828741,0.037055769,0.000569319,0.015822637,7.15E-05,0.006225033
SND2019100509313875,56.142303,30.870924,405.1053,85.29233,0.002118108,0.039122914,0.000674114,0.016681107,8.94E-05,0.006801337
SND2019100509313876,56.14745,30.862247,405.03534,85.254234,0.002466248,0.041386039,0.00080306,0.017619581,0.000112745,0.007454679
SND2019100509313878,56.157467,30.844778,405.42462,85.10618,0.003462174,0.046912891,0.001186276,0.019905847,0.000188945,0.009145779
SND2019100509313901,56.11559,30.925547,405.3424,85.205666,0.00084323,0.02783639,0.000233697,0.011977125,2.20E-05,0.003903866
SND2019100509313902,56.121086,30.917004,405.71988,85.08283,0.000955759,0.029155263,0.000269915,0.012529103,2.66E-05,0.004210035
SND2019100509313904,56.13188,30.899725,404.94174,85.264305,0.001189268,0.031608088,0.000347069,0.013553914,3.71E-05,0.004802917
SND2019100509313905,56.137108,30.89111,405.48584,85.34364,0.001311739,0.032773958,0.000388488,0.014040271,4.31E-05,0.005095216
SND2019100509313906,56.142258,30.882433,406.61765,85.13543,0.00157433,0.035060222,0.000479213,0.014992686,5.69E-05,0.005687602
SND2019100509313908,56.152283,30.864965,404.79736,85.097725,0.002116796,0.039113957,0.000673634,0.01667739,8.93E-05,0.006798797
SND2019100509313931,56.110374,30.945726,404.90283,85.32799,0.000639073,0.025125888,0.000169893,0.010840488,1.44E-05,0.00330314
SND2019100509313932,56.115875,30.937185,405.6509,85.26354,0.000694184,0.025905793,0.000186851,0.011167858,1.64E-05,0.003472002
SND2019100509313934,56.12668,30.919909,405.33136,85.31163,0.000797955,0.027274429,0.000219324,0.011741722,2.02E-05,0.003776142
SND2019100509313935,56.13191,30.911295,404.98465,85.25243,0.000894833,0.028454151,0.000250221,0.012235757,2.41E-05,0.004046162
SND2019100509313936,56.137066,30.90262,406.53717,85.13715,0.001047948,0.030164453,0.000300071,0.012951019,3.06E-05,0.004450309
SND2019100509313938,56.1471,30.885155,406.81332,85.1756,0.00136913,0.033296716,0.000408101,0.014258194,4.60E-05,0.005228439
SND2019100509313971,56.105156,30.965904,405.6413,85.16276,0.00054806,0.023739115,0.000142374,0.010257703,1.14E-05,0.003010997
SND2019100509313972,56.110664,30.957365,405.64136,85.09106,0.000568222,0.024058178,0.000148415,0.010391866,1.21E-05,0.003077283
SND2019100509313974,56.121456,30.940071,405.09723,85.135666,0.000625128,0.024921873,0.000165636,0.010754806,1.40E-05,0.003259506
SND2019100509313975,56.12668,30.931444,405.06503,85.338196,0.000662672,0.025464846,0.000177129,0.0109828,1.53E-05,0.00337613
SND2019100509313976,56.13182,30.922756,405.10675,85.30815,0.000745933,0.026603328,0.00020296,0.01146043,1.83E-05,0.003625775
SND2019100509313978,56.141838,30.905266,406.3739,85.20644,0.00093236,0.028889428,0.000262328,0.0124179,2.56E-05,0.004147605
SND2019100509314001,56.09978,30.985926,405.78137,85.10899,0.000525368,0.023371033,0.000135615,0.010102868,1.07E-05,0.002935222
SND2019100509314002,56.105278,30.977373,405.30426,85.15585,0.000522561,0.023324812,0.000134782,0.01008342,1.06E-05,0.00292576
SND2019100509314004,56.116074,30.960073,403.69992,85.1183,0.000534092,0.023513714,0.000138209,0.010162895,1.10E-05,0.002964506
SND2019100509314005,56.121296,30.951448,405.3231,85.097275,0.000554748,0.023845761,0.000144374,0.010302552,1.16E-05,0.003033091
SND2019100509314006,56.126446,30.942762,405.22498,85.21257,0.000585713,0.024329234,0.000153682,0.010505806,1.26E-05,0.003134034
SND2019100509314008,56.13647,30.925274,404.18915,85.28012,0.000683117,0.025752401,0.000183429,0.011103492,1.60E-05,0.003438533
SND2019100509314031,56.09438,31.005924,405.79807,85.00239,0.000553336,0.023823314,0.000143952,0.010293113,1.16E-05,0.003028435
SND2019100509314032,56.09988,30.997372,405.78687,85.11331,0.000531611,0.023473293,0.000137471,0.010145891,1.09E-05,0.002956199
SND2019100509314034,56.110683,30.980076,404.7424,85.13891,0.000510549,0.023125225,0.000131225,0.009999432,1.03E-05,0.002885036
SND2019100509314035,56.115913,30.971453,404.6402,85.18383,0.000507868,0.023080281,0.000130433,0.009980516,1.02E-05,0.002875896
SND2019100509314036,56.12107,30.962767,405.10666,85.0468,0.000514119,0.02318485,0.000132281,0.010024525,1.04E-05,0.002897179
SND2019100509314038,56.131104,30.945282,404.91162,85.28837,0.000552282,0.02380653,0.000143636,0.010286055,1.16E-05,0.003024956
SND2019100509314071,56.088978,31.02592,405.41483,84.88194,0.000631732,0.025018844,0.00016765,0.010795534,1.42E-05,0.003280218
SND2019100509314072,56.094482,31.017372,406.1973,84.856735,0.000589472,0.024386808,0.000154817,0.010530003,1.28E-05,0.00314614
SND2019100509314074,56.10531,31.000086,405.1213,85.03234,0.000530216,0.023450509,0.000137056,0.010136306,1.09E-05,0.00295152
SND2019100509314075,56.11055,30.991468,405.43777,85.1,0.000512196,0.02315277,0.000131712,0.010011024,1.03E-05,0.002890643
SND2019100509314076,56.115715,30.98279,405.6923,85.16983,0.000501759,0.022977289,0.00012863,0.009937166,9.99E-06,0.002854994
SND2019100509314078,56.125774,30.965319,403.57526,85.22253,0.000497693,0.0229083,0.000127431,0.009908125,9.86E-06,0.002841026
SND2019100509314101,56.08365,31.045975,405.70807,84.396774,0.000772192,0.026945646,0.000211199,0.011603936,1.92E-05,0.003702179
SND2019100509314102,56.08917,31.03743,406.6725,84.531166,0.000703744,0.026037074,0.000189814,0.011222938,1.67E-05,0.003500746
SND2019100509314104,56.100006,31.020151,406.4997,84.68714,0.000599121,0.02453357,0.000157735,0.010591677,1.31E-05,0.00317708
SND2019100509314105,56.105255,31.011536,405.0882,85.043915,0.000561069,0.023945808,0.000146268,0.010344621,1.18E-05,0.003053874
SND2019100509314106,56.110424,31.002857,405.3567,85.06533,0.000537453,0.023568282,0.00013921,0.01018585,1.11E-05,0.002975736
SND2019100509314108,56.120495,30.98539,405.67065,85.13383,0.000496783,0.02289282,0.000127164,0.009901609,9.84E-06,0.002837895
SND2019100509314131,56.078335,31.066034,405.07172,83.81284,0.000997552,0.029620039,0.000283534,0.012723461,2.84E-05,0.004320051
SND2019100509314132,56.08386,31.057493,407.23972,83.862076,0.000893232,0.028435324,0.000249706,0.012227877,2.40E-05,0.004041797
SND2019100509314134,56.094707,31.040216,407.29443,84.37939,0.000727947,0.026364462,0.000197341,0.011360264,1.76E-05,0.003572826
SND2019100509314135,56.099957,31.0316,406.04346,84.75085,0.000664288,0.025487775,0.000177625,0.010992425,1.53E-05,0.003381089
SND2019100509314136,56.105133,31.022926,406.17654,84.865654,0.000611646,0.024721881,0.000161534,0.010670796,1.35E-05,0.003216951
SND2019100509314138,56.11521,31.00546,405.92462,84.991165,0.000542506,0.023649927,0.000140716,0.010220192,1.12E-05,0.002992568
SND2019100509314171,56.073017,31.086096,406.30487,83.9816,0.001295244,0.032621051,0.000382874,0.01397651,4.23E-05,0.0050565
SND2019100509314172,56.07855,31.077555,404.6905,84.10547,0.001190478,0.031619972,0.000347476,0.013558874,3.72E-05,0.004805863
SND2019100509314173,56.084015,31.06894,404.71204,84.13204,0.001055582,0.030245476,0.000302587,0.012984876,3.10E-05,0.004469823
SND2019100509314174,56.089397,31.060274,404.87292,84.35212,0.000939422,0.028970091,0.000264615,0.012451645,2.59E-05,0.00416651
SND2019100509314175,56.09465,31.051655,404.9962,84.47275,0.000840148,0.02779875,0.000232715,0.011961362,2.19E-05,0.00389526
SND2019100509314176,56.099827,31.042976,407.15015,84.42734,0.000756032,0.026735867,0.000206123,0.011515999,1.86E-05,0.003655284
SND2019100509314177,56.104908,31.03426,407.76773,84.50625,0.000685474,0.025785198,0.000184157,0.011117255,1.61E-05,0.003445679
SND2019100509314178,56.109905,31.025501,406.37573,84.86725,0.000641457,0.02516048,0.000170622,0.010855013,1.45E-05,0.00331056
SND2019100509314201,56.067646,31.106096,405.08447,84.33381,0.001798324,0.036826799,0.000558441,0.015727469,6.97E-05,0.006162417
SND2019100509314202,56.073177,31.097551,406.63538,83.83907,0.001647511,0.03565387,0.000504922,0.015239714,6.10E-05,0.005845517
SND2019100509314203,56.078644,31.088934,405.03665,84.04731,0.001446683,0.033981619,0.000434801,0.014543574,5.01E-05,0.00540499
SND2019100509314204,56.084034,31.08027,404.12076,84.256096,0.001272014,0.032403612,0.000374987,0.013885827,4.12E-05,0.005001642
SND2019100509314205,56.08929,31.071653,406.18277,84.23964,0.001121132,0.0309264,0.000324298,0.013269319,3.40E-05,0.004635119
SND2019100509314206,56.09447,31.062975,405.18027,84.532104,0.000991675,0.029555434,0.000281614,0.01269645,2.82E-05,0.004304693
SND2019100509314207,56.09956,31.05426,404.89783,84.57162,0.00088138,0.028295307,0.000245899,0.01216927,2.35E-05,0.004009386
SND2019100509314208,56.104557,31.045504,406.33206,84.57331,0.000788134,0.027149899,0.000216222,0.01168954,1.99E-05,0.003748061
SND2019100509314231,56.062263,31.126087,406.23196,84.4214,0.002552748,0.041916637,0.000835542,0.017839409,0.000118819,0.007611195
SND2019100509314232,56.0678,31.117544,406.18503,84.555466,0.002237215,0.039921924,0.000717896,0.017012602,9.72E-05,0.007029353
SND2019100509314233,56.073273,31.108929,407.53903,84.1506,0.002045964,0.038625095,0.000647773,0.016474479,8.48E-05,0.006660748
SND2019100509314234,56.078667,31.100266,405.39224,84.06319,0.001786625,0.036738084,0.000554265,0.015690592,6.90E-05,0.006138222
SND2019100509314235,56.083927,31.09165,405.98856,84.04502,0.001560085,0.034942649,0.000474229,0.014943749,5.61E-05,0.005656526
SND2019100509314236,56.089115,31.082973,405.35687,84.07224,0.001363753,0.033248329,0.000406258,0.014238027,4.58E-05,0.005216052
SND2019100509314237,56.094208,31.07426,406.71286,84.16817,0.001194814,0.031662477,0.000348931,0.013576614,3.74E-05,0.004816404
SND2019100509314238,56.099213,31.065506,407.2125,84.30074,0.001050414,0.030190669,0.000300884,0.012961975,3.08E-05,0.00445662
SND2019100509314271,56.056885,31.146078,405.92197,84.77672,0.003657471,0.04787394,0.001263564,0.020302641,0.000205406,0.009453342
SND2019100509314272,56.062424,31.137537,405.52878,84.768364,0.003213671,0.045639238,0.00108888,0.019379652,0.000168692,0.008744267
SND2019100509314273,56.067905,31.128923,405.67294,84.59609,0.002813299,0.043449434,0.000934363,0.018474035,0.000137764,0.008070371
SND2019100509314274,56.07331,31.120266,406.52936,84.39266,0.002572051,0.042033487,0.000842813,0.01788781,0.000120189,0.007645833
SND2019100509314275,56.078583,31.111656,407.49692,84.21188,0.002237715,0.039925223,0.000718081,0.01701397,9.72E-05,0.007030301
SND2019100509314276,56.083782,31.102983,408.06525,83.985085,0.001943723,0.03790026,0.000610683,0.016173498,7.85E-05,0.006458084
SND2019100509314277,56.088886,31.094275,407.18854,84.10473,0.001687728,0.035973056,0.000519125,0.015372487,6.33E-05,0.005931112
SND2019100509314278,56.093903,31.085526,406.9664,84.051735,0.00146673,0.034154877,0.000441738,0.014615741,5.11E-05,0.00545001
SND2019100509314301,56.05158,31.166103,407.2255,84.49136,0.005236687,0.05466409,0.001909346,0.023100309,0.000354722,0.011736505
SND2019100509314302,56.05713,31.157568,406.7388,84.53941,0.004626726,0.052218812,0.001655861,0.022093943,0.000293778,0.010892346
SND2019100509314303,56.06262,31.148956,406.34155,84.69614,0.004071331,0.049808506,0.001429372,0.021100737,0.000241813,0.010084318
SND2019100509314304,56.06803,31.1403,404.36945,84.798454,0.003566879,0.047432271,0.001227634,0.020120314,0.000197711,0.009311507
SND2019100509314305,56.073307,31.131693,405.12894,84.52049,0.003265301,0.045908839,0.001109025,0.019491067,0.000172835,0.008828675
SND2019100509314306,56.07851,31.123022,405.63858,84.65721,0.002836292,0.043580322,0.000943151,0.018528199,0.000139481,0.008110062
SND2019100509314307,56.083622,31.114315,406.6432,84.200584,0.00245537,0.041318489,0.000798988,0.017591589,0.000111988,0.007434843
SND2019100509314308,56.088642,31.105566,407.69244,84.03438,0.002121213,0.039144102,0.000675251,0.0166899,8.96E-05,0.006807346
SND2019100509314331,56.04628,31.186134,406.76993,84.53566,0.007468392,0.062326812,0.002872173,0.026246396,0.000608929,0.014536652
SND2019100509314332,56.051838,31.177599,406.52982,84.487015,0.006633131,0.059654093,0.002505912,0.025150299,0.000508347,0.013533741
SND2019100509314333,56.057335,31.168991,408.1667,84.33682,0.005872725,0.057029445,0.002178436,0.024072639,0.000422345,0.01257608
SND2019100509314334,56.062748,31.160337,407.13873,84.43336,0.005179646,0.054443291,0.001885444,0.023009488,0.000348857,0.011659282
SND2019100509314335,56.06803,31.151728,406.08612,84.59097,0.004776878,0.052838773,0.00171782,0.022349207,0.000308413,0.011104059
SND2019100509314336,56.07324,31.143059,406.7862,84.5582,0.00417541,0.050275302,0.00147148,0.021293186,0.000251285,0.010238922
SND2019100509314337,56.078354,31.134354,406.11588,84.37806,0.003629531,0.047738464,0.001252468,0.02024672,0.000203022,0.009409748
SND2019100509314338,56.08338,31.125607,405.9164,84.36485,0.003138591,0.045242272,0.001059672,0.01921557,0.00016273,0.008620555
SND2019100509314371,56.040985,31.206163,407.29413,84.269135,0.010689034,0.071156914,0.004338193,0.029859036,0.001050974,0.018043414
SND2019100509314372,56.046547,31.197632,407.29672,84.27373,0.009483635,0.068079173,0.003780425,0.028601287,0.000875977,0.016787959
SND2019100509314373,56.052044,31.18902,406.98795,84.44922,0.008427083,0.065171477,0.003300186,0.027411633,0.000731825,0.015634302
SND2019100509314374,56.057453,31.180357,406.85602,84.35657,0.007474858,0.062346746,0.002875033,0.026254567,0.000609732,0.014544236
SND2019100509314375,56.062733,31.17174,406.11203,84.43224,0.006608641,0.059572606,0.002495273,0.02511686,0.000505493,0.013503601
SND2019100509314376,56.067932,31.163061,405.9895,84.49213,0.006115537,0.057889694,0.002282351,0.024425993,0.000449211,0.012886963
SND2019100509314377,56.073044,31.154348,406.36185,84.484795,0.005363395,0.055149193,0.001962579,0.023299811,0.000367869,0.011906859
SND2019100509314378,56.078064,31.145592,406.08337,84.44859,0.004676463,0.052425558,0.001676352,0.022179078,0.000298599,0.010962773
SND2019100509314401,56.035583,31.22608,405.44226,84.205185,0.016659932,0.083838036,0.007227553,0.035026637,0.002065257,0.023577013
SND2019100509314402,56.041138,31.217539,406.18652,84.176445,0.013950799,0.078516114,0.005893062,0.032860675,0.001576345,0.021185205
SND2019100509314403,56.046635,31.208923,406.9916,84.16538,0.012151715,0.074610575,0.00502775,0.031268684,0.001277549,0.019493559
SND2019100509314404,56.05205,31.200262,405.917,84.20964,0.010751011,0.071309103,0.004367137,0.029921192,0.001060264,0.018106401
SND2019100509314405,56.05733,31.191647,406.96014,84.29977,0.009541463,0.068232285,0.003806951,0.028663893,0.00088412,0.016849585
SND2019100509314406,56.062542,31.18297,407.3852,84.26081,0.008453418,0.065246665,0.003312051,0.027442413,0.000735309,0.015663733
SND2019100509314407,56.067654,31.174257,407.07663,84.28438,0.007847222,0.06347694,0.003040373,0.026717681,0.000656565,0.014976719
SND2019100509314408,56.07268,31.1655,406.85416,84.32212,0.006905641,0.060548289,0.002624686,0.025517157,0.000540476,0.013866189
SND2019100509314431,56.030163,31.24598,407.2283,83.93396,0.020457781,0.090448003,0.009153173,0.037711736,0.002823141,0.026683625
SND2019100509314432,56.035725,31.23744,406.9836,83.98896,0.027331238,0.100667181,0.012772237,0.041852791,0.004387604,0.031773913
SND2019100509314433,56.041225,31.228825,405.6478,84.05582,0.02105433,0.091413842,0.009460834,0.038103631,0.002949403,0.027149938
SND2019100509314434,56.046646,31.220165,405.31842,83.97966,0.016081858,0.082751027,0.00693986,0.034584543,0.001957168,0.02308046
SND2019100509314435,56.051933,31.211552,405.38892,84.1304,0.013847319,0.078300389,0.005842813,0.032772797,0.001558581,0.021090349
SND2019100509314436,56.057148,31.202877,406.99368,84.06242,0.01222769,0.074782621,0.005063923,0.031338859,0.001289727,0.019566929
SND2019100509314437,56.062267,31.194166,407.52402,84.11883,0.010843816,0.071535963,0.004410525,0.030013837,0.001074227,0.018200448
SND2019100509314438,56.0673,31.185411,407.88147,84.13484,0.009597383,0.068379788,0.003832625,0.028724202,0.00089202,0.016909037
SND2019100509314471,56.024742,31.265879,406.96057,83.766754,0.026032493,0.098872256,0.012076687,0.041126291,0.004074202,0.030855069
SND2019100509314472,56.030308,31.25734,407.00854,83.673515,0.025669205,0.098360105,0.011883046,0.040918932,0.003987971,0.03059481
SND2019100509314473,56.03582,31.24873,407.52277,83.728485,0.026565202,0.099615163,0.012361366,0.041427027,0.004201786,0.031234107
SND2019100509314474,56.041256,31.240078,407.4655,83.740776,0.085220593,0.153249918,0.047242283,0.063003489,0.024775533,0.06306057
SND2019100509314475,56.04656,31.231472,405.84167,83.69947,0.027923207,0.101467482,0.013090935,0.042176603,0.004533077,0.032186952
SND2019100509314476,56.05179,31.222807,405.35568,83.607765,0.018476669,0.08710684,0.008141286,0.03635517,0.002417675,0.025094726
SND2019100509314477,56.056927,31.214104,405.8975,83.72031,0.015808481,0.082228381,0.006804344,0.034371924,0.001906749,0.02284317
SND2019100509314478,56.061974,31.205357,406.75922,83.90684,0.013957499,0.078530047,0.005896318,0.032866351,0.001577498,0.021191337
SND2019100509314501,56.019444,31.28585,405.64163,83.61834,0.035704997,0.111117068,0.017368794,0.046075734,0.006590366,0.037327698
SND2019100509314502,56.025024,31.277319,406.3738,83.584694,0.03436642,0.10955906,0.016621971,0.04544682,0.006217974,0.036477815
SND2019100509314503,56.03055,31.268715,407.01306,83.37529,0.032036036,0.106752698,0.015332281,0.044313382,0.00558764,0.034966147
SND2019100509314504,56.035988,31.260065,406.86206,83.19832,0.031250419,0.105777693,0.014900618,0.043919411,0.0053804,0.034446763
SND2019100509314505,56.041298,31.251461,407.03473,83.5379,0.030445687,0.104762809,0.014460141,0.043509222,0.005170921,0.033909334
SND2019100509314506,56.04653,31.242796,407.40515,83.64932,0.087178603,0.154541788,0.048492876,0.063520361,0.025647209,0.063929924
SND2019100509314507,56.051674,31.234095,406.5089,83.272995,0.031037433,0.105510706,0.014783871,0.043811512,0.005324681,0.034305063
SND2019100509314508,56.056725,31.22535,405.86176,83.364655,0.021038907,0.091389092,0.009452863,0.03809359,0.002946115,0.027137949
SND2019100509314531,56.01416,31.305832,401.60294,83.21742,0.057079309,0.132152462,0.029793489,0.054545228,0.013460424,0.049526822
SND2019100509314532,56.01975,31.297302,401.76202,83.389404,0.047368908,0.123352402,0.024042106,0.051006795,0.010134033,0.044261579
SND2019100509314533,56.025276,31.2887,406.87317,83.29357,0.043784815,0.119817526,0.021961933,0.049583578,0.008990187,0.042211538
SND2019100509314534,56.030724,31.28005,406.41956,83.28724,0.04056422,0.116481977,0.02011438,0.048239585,0.008003156,0.040311767
SND2019100509314535,56.036037,31.271448,405.64264,82.81263,0.040377303,0.116283339,0.020007811,0.048159516,0.007947088,0.040199702
SND2019100509314536,56.041275,31.262785,405.84692,82.892914,0.037210218,0.11282566,0.018213622,0.046765164,0.007017907,0.038268406
SND2019100509314537,56.04642,31.254084,406.8431,83.20481,0.034461985,0.109671547,0.016675146,0.045492235,0.006244314,0.036538922
SND2019100509314538,56.051476,31.24534,407.6451,83.0226,0.037660876,0.113328708,0.018467571,0.046968095,0.007147695,0.038547095
SND2019100509314571,56.008877,31.325813,400.8185,82.93344,0.108656264,0.167645122,0.062472387,0.068756603,0.035861742,0.073005187
SND2019100509314572,56.01447,31.317286,397.5984,83.11532,0.086679963,0.154214542,0.048173987,0.063389442,0.025424241,0.063709271
SND2019100509314573,56.019997,31.30868,396.53973,83.325386,0.07381248,0.145323301,0.0400444,0.059829493,0.019907413,0.057827933
SND2019100509314574,56.025436,31.300024,396.4857,82.936005,0.061200816,0.135601502,0.032281041,0.05593032,0.014967488,0.051652423
SND2019100509314575,56.030743,31.291414,404.7486,82.911476,0.05199303,0.127672192,0.026760848,0.052744561,0.011677725,0.046817586
SND2019100509314576,56.035976,31.282742,408.27875,82.53194,0.051255195,0.126999634,0.026324514,0.052474109,0.011426404,0.046415992
SND2019100509314577,56.041115,31.274035,405.6471,82.3023,0.051116591,0.126872613,0.026242652,0.052423026,0.011379402,0.046340296
SND2019100509314578,56.046165,31.265284,406.08487,82.61811,0.045970273,0.121993733,0.023227435,0.050459896,0.009682083,0.043469174
SND2019100509314603,56.01458,31.32855,403.57785,83.04062,0.124877557,0.176490904,0.073315179,0.072285249,0.04432184,0.079392122
SND2019100509314604,56.020023,31.319895,404.71555,83.13322,0.149185766,0.188480756,0.089957698,0.077060596,0.058102873,0.088376193
SND2019100509314605,56.025333,31.311287,401.75534,83.13504,0.103617413,0.164729043,0.05915191,0.067592281,0.033361103,0.070945341
SND2019100509314606,56.03057,31.302616,406.3148,82.72275,0.083550657,0.152133248,0.046179085,0.062556619,0.024040313,0.062312831
SND2019100509314607,56.035713,31.29391,406.46335,82.48539,0.06829931,0.141213636,0.036623913,0.058182086,0.0176887,0.055184487
SND2019100509314608,56.04077,31.28516,406.8249,82.19543,0.063625694,0.137562695,0.033756501,0.05671749,0.015879493,0.052876442
SND2019100509314636,56.025166,31.32249,407.5142,82.53351,0.196358831,0.208622975,0.123390863,0.085064894,0.088273834,0.10429338
SND2019100509314637,56.030315,31.313786,408.1786,82.037094,0.175876582,0.200300602,0.108706355,0.081760295,0.074645894,0.097593283
SND2019100509314638,56.035374,31.305038,406.19156,82.00625,0.534276331,0.302001186,0.390202638,0.121929394,0.405096938,0.190668794