SND,LON,LAT,L2XCO2[ppm],L2PSUR[kPa],i1,s1,i2,s2,i3,s3,cld_distance
SND2018101809322431,55.35556,33.855484,403.44916,93.556915,0.0026818663311321826,-0.003900130157820442,0.0029015966777316453,-0.007966141214550884,-0.0013642280247689613,0.006629526160518251,12.425728147193151
SND2018101809322471,55.35001,33.875473,405.14417,93.5196,-0.0014439402142784703,0.002120935827930231,-0.004593642524301772,0.014512000075236967,-0.0005319594847353325,-0.001056747516970826,14.652873924361867
SND2018101809322472,55.356606,33.86735,403.35577,93.565025,-0.0007276206579371308,0.007106515405030759,-0.0006791581249636191,0.0026841757061941457,0.00039688368993763686,-0.001704465131170428,13.74188013049403
SND2018101809322473,55.363132,33.859196,403.57013,93.55611,4.940930486116141e-06,0.01209716583363137,0.000567661349549017,0.0005976169963266021,-0.002092733702457416,0.0063939609505766675,12.845222002748525
SND2018101809322474,55.369602,33.850933,404.01947,93.47856,-0.00022361051485883513,0.01722276008012444,0.0008869185332317108,0.00196565222527115,0.006905094992079518,-0.02933739994362039,11.9674334936594
SND2018101809322501,55.344467,33.89548,403.0729,93.50028,-0.00046215756472195934,0.003273928101402165,0.0031691112430849468,-0.007504299513240994,0.002751254739154659,-0.007050394646003367,16.89492750496261
SND2018101809322502,55.351067,33.887363,405.28802,93.47338,-0.0028650029648107987,0.010973683561565183,-0.0010211206338356321,0.008727132256920038,0.00034583556642429875,-0.0008131608616245924,15.967725317816912
SND2018101809322503,55.3576,33.87921,405.9118,93.38079,0.0010016181321544355,-0.0075102314262628644,-0.001371781446997608,0.004389838736811374,0.003259938707533454,-0.009025401021529657,15.057380734593607
SND2018101809322504,55.36408,33.870956,403.70148,93.546585,0.0018399136552787864,-0.00973834996082763,-0.0010660700697478866,0.002767580273143574,0.00392392598207,-0.013573391250508467,14.152398413834874
SND2018101809322505,55.37041,33.86274,403.55908,93.68888,-0.0002847353188036969,0.008851982653171525,-0.002811562568231456,0.01410299636274008,-0.002965190571184822,0.011492585768573836,13.27822177914973
SND2018101809322506,55.376675,33.854454,403.54276,93.67459,0.0013653846453866032,0.002517815442457494,-0.0006428064853575113,0.006174028911364609,0.0035200677238536927,-0.0125587715605233,12.42929029638267
SND2018101809322531,55.338936,33.91553,401.66577,93.773964,0.003216600140810014,-0.004371745880730293,-0.005573201710432395,0.027882022977197232,0.0020565471473700104,-0.007960083732812555,15.628296798398829
SND2018101809322532,55.345543,33.907413,400.48553,93.72783,0.0046863910791818016,-0.0163535874947492,0.0026649029231919966,-0.00554971094974427,0.00043066769970202486,6.299212674113634e-05,16.523026425064185
SND2018101809322533,55.35208,33.899265,402.88867,93.673096,-4.699611752760754e-05,0.0034599837238659743,0.001919780890493697,-0.0034418759872674814,0.0021383615133123844,-0.0023747574490337424,17.283093319490515
SND2018101809322534,55.35856,33.89101,404.39676,93.60309,-0.0011310821134858382,0.004690631411231685,-0.0005431717488285189,0.005643294410614799,0.0004178754400721373,-0.0012613435701842942,16.366304832883657
SND2018101809322535,55.3649,33.882793,405.56787,93.544495,-0.000663251090617192,-0.0023303476601131347,0.0023060943382747917,-0.007802764330697544,-0.0031894842008869865,0.011861908682250118,15.467271679346434
SND2018101809322536,55.371166,33.87451,405.73,93.48062,-0.0004389479705412723,-0.0012185859552870236,-0.00016138454694479825,0.0027027073591467223,-0.003039406172885906,0.01095004174064035,14.5853859583855
SND2018101809322537,55.37734,33.866184,403.90015,93.475975,-0.0005051470311392301,0.0066314800987958885,0.0009903407833342242,0.000439075932607058,0.002553277183085482,-0.0037419386584756895,13.726915026041958
SND2018101809322538,55.383396,33.857822,403.59866,93.69052,-0.00037794659525965997,0.007544110563435686,0.001209171508333449,-0.006509747751785271,0.002119328482864948,-0.005347865370596675,12.896857303712936
SND2018101809322571,55.333405,33.935577,403.32172,93.77682,-0.0011334416725639546,0.01708064719366328,-0.0033241767487172187,0.017599982239196853,0.002414856952584947,-0.004588617951661965,13.43082399521374
SND2018101809322572,55.340015,33.927464,401.90317,93.79417,-0.00122666202259344,0.02201549077368889,-0.0001559083623486209,0.004530768081701351,-0.0024162899197311734,0.00995043388255593,14.30287552859027
SND2018101809322573,55.346558,33.919315,401.90262,93.88484,0.0018726819106750223,0.007344399872394848,-0.0031864793911802664,0.015271254642768472,-0.0029400444076978774,0.013924216320622122,15.20286282413756
SND2018101809322574,55.353043,33.91106,400.54672,93.60629,0.0066608894031781225,-0.026502895878824304,-0.0018552315822661703,0.009507088462475817,0.0008848484436079062,-0.003623781500941974,16.118515018554653
SND2018101809322575,55.359386,33.902847,404.1242,93.6221,0.0018099862245634214,-0.004683293680583954,0.0014721278355372775,-0.0010602246636564612,-0.0006492363886829511,0.0034128102728049844,17.03916054568742
SND2018101809322576,55.365654,33.894566,404.9521,93.635635,-0.0015571485355244331,0.004454836003109573,0.0002365317947873613,0.004457085959266887,0.0032008752364462087,-0.009070704209524504,16.77445601427353
SND2018101809322577,55.371834,33.886242,405.85425,93.487526,-0.004067311618319046,0.006771231227198396,4.515033010295934e-05,0.0006181814299549682,-0.0041513910435861156,0.013355314867387055,15.887370211101478
SND2018101809322578,55.37789,33.87788,406.00314,93.49271,-0.002956795690593241,0.004400206162612382,0.0019241027103447507,-0.0028772006750228383,-0.0031550799532352575,0.009910328180565817,15.020185203722994
SND2018101809322601,55.32783,33.955597,401.98026,93.79586,-0.005821862441124167,0.03934781148289841,0.00016844522861554192,0.005078607197192198,5.077504408494388e-05,-0.0021480387373479185,11.270936368615002
SND2018101809322602,55.334435,33.947475,401.8798,93.77068,-0.008224737120907655,0.055817577278585696,0.00010220898022976007,0.0059506793179041045,-0.0029038696102695713,0.016363216642318008,12.108115748772944
SND2018101809322603,55.340973,33.93932,404.18185,93.65117,9.261103518815238e-05,0.01971269017498587,-0.0011084914488019072,0.010185772374923565,-0.0007669203261217898,0.005243389904672741,12.985935159333273
SND2018101809322604,55.347446,33.93106,402.64258,93.77287,0.002536318607320552,0.0021907283821864256,-0.00038759621629312884,0.00968778985231674,6.710314525309223e-05,0.006961137209374839,13.90004502359725
SND2018101809322605,55.353783,33.922836,400.80786,93.71389,-0.001407346700051534,0.019746964291184294,0.0016236168107213948,-0.0032354514119226057,-0.0008195262475134507,0.005625084470416723,14.812654649685003
SND2018101809322606,55.360046,33.91455,402.12286,93.67201,0.0026543160746942134,-0.008267870114729712,-0.0034855567353591463,0.010968412475013622,-0.0015688018717897438,0.007669542393581677,15.744013377744428
SND2018101809322607,55.366215,33.90622,403.00668,93.78327,0.0037530578490590303,-0.017207803164545912,0.00044259232651246323,-0.00036278965080634336,-0.000697584353637545,0.004832374398365861,16.698385818341883
SND2018101809322608,55.37227,33.89785,403.4883,93.61816,0.0015986119200725455,-0.004344690695663881,9.170684830846783e-05,0.004679549322497451,0.0019629859863101065,-0.004071367091225727,17.174139309150153
SND2018101809322631,55.32215,33.97554,404.80887,93.58282,0.0027472302596587214,-0.0007684920514452416,0.0003418857422679496,0.0028082125080669614,-0.0038297062393640104,0.01588629285706117,9.17911443068157
SND2018101809322632,55.32876,33.967422,405.834,93.56249,-0.0007642671513219114,0.00886006164419987,0.0004202928997977412,0.003929483840464451,-0.0004664646327951813,0.005683450086662041,9.959114282777373
SND2018101809322633,55.3353,33.959267,404.14423,93.60913,-0.0011735722332421414,0.010302437910369699,-0.0020955186471413893,0.010478586329223234,-0.0001025274224804218,0.0014121383349954319,10.797759978747901
SND2018101809322634,55.34178,33.951008,403.2525,93.71546,-0.003995031074577775,0.02361225841599197,-0.004675756810661348,0.02084220145638159,-0.0009413969212929955,0.0035893330734986955,11.688946213044092
SND2018101809322635,55.34812,33.942787,403.66876,93.834885,0.0002309878187888017,0.014387625097172022,-0.0011417917266207502,0.007944857243866373,-0.0001263772625567633,0.001488514265048371,12.599340398986122
SND2018101809322636,55.35439,33.934498,403.3839,93.79343,0.0010540582878289227,0.009927638453923799,0.0009845614018345978,0.0014370045746636556,-0.0007452509544105832,0.009156095120215556,13.519652261424845
SND2018101809322637,55.36056,33.92617,401.87512,93.84846,0.00200212276527281,0.004462499047727368,-0.0006227992443864176,0.007246961715592102,-0.0020527336336382926,0.009962665357593737,14.458173024514553
SND2018101809322638,55.366623,33.9178,402.74094,93.85207,0.0016288808071096997,-0.009103513368936538,-0.0016350628272493086,0.009403843113418901,-0.001875546812541457,0.007749366191075269,15.420416026051647
SND2018101809322671,55.316452,33.995525,404.60837,93.73562,0.002111976948344696,0.001590384919728998,0.00022052072401839123,0.007435147030215807,0.002636720202327838,-0.0018512484976022224,7.1939371012895865
SND2018101809322672,55.323063,33.987415,401.86734,93.64452,0.0026399607237478167,-0.00666961631376194,-0.0031153103626023323,0.0174247155496865,0.000261059851542249,0.0020339258883205476,7.876653648040543
SND2018101809322673,55.329628,33.97921,404.20908,93.72923,2.2738103765988144e-05,0.00797653033248176,-0.00017333869558786415,0.007267394006646394,-0.0012187325638847758,0.0055187628031985675,8.653862090366086
SND2018101809322674,55.336113,33.970955,405.26282,93.60091,-0.00025661579527619887,0.005352934288731568,-0.001053943889491579,0.006376201236074264,-0.0016558991271912876,0.012862860241870399,9.498907360455112
SND2018101809322675,55.342457,33.962734,404.70236,93.69451,-0.00271397476914275,0.018469770401200684,0.00041920186694451744,0.004054186281080517,-0.00043788398815998084,0.0030253422401503296,10.387731610649539
SND2018101809322676,55.34873,33.95445,404.72388,93.70729,-0.0034086502002918127,0.015503135957608247,0.0005807241415536719,0.0004248430931718929,0.0002057721375354195,0.00016465402479139658,11.30582654536867
SND2018101809322677,55.354908,33.94612,403.42007,93.810234,0.002556188427216177,-0.00293988873454756,-0.003840745592966563,0.016571904767425504,-0.002004595839114768,0.006125514394867264,12.230909637980059
SND2018101809322678,55.361,33.937744,403.18152,93.79766,0.0033796544405380745,0.0030426473161182183,0.0015848155370695232,-0.0031446651340545488,0.00016652721131532329,0.0035858558375635495,13.178092136361661
SND2018101809322701,55.310757,34.0155,404.56247,93.58457,0.0005474499251585308,0.015052028718961032,0.0002601156430584584,0.009944132926199079,0.0012004119730889113,0.005047176685632662,5.445019802591301
SND2018101809322702,55.317375,34.007374,403.9256,93.64433,0.003015619610692269,0.0017993608894192586,0.001676114382140662,0.0021222921691656633,0.0002746518973170645,0.008338990222579388,5.943630748109317
SND2018101809322703,55.323944,33.999172,404.21896,93.66101,-0.0027557900078612548,0.02792825238031885,-0.002919794348687038,0.015718908698525318,0.0010505432936614141,0.0034943209399825505,6.594738645414533
SND2018101809322704,55.330433,33.99092,402.68317,93.63308,-0.0007106875064651544,0.009734872791882768,0.0027790299790884953,-0.0017802984553595789,0.000116431449196601,0.0017942266629293476,7.3588249027631125
SND2018101809322705,55.336777,33.982708,403.09006,93.890495,-0.0019268225483770336,0.008060313098686447,0.002078242844843828,-0.001109987779297198,-0.0014003673823000235,0.00914516100939946,8.194757492744634
SND2018101809322706,55.343052,33.974426,404.2789,93.70181,-0.0016816148962611975,0.009872390993760615,-0.0009375557662131082,0.008683206288558619,-0.0008958825478371112,0.003724543537423437,9.090271194297499
SND2018101809322707,55.349236,33.966103,406.0892,93.52069,-0.0008119346370188403,0.006053251630795392,0.0017267064624347918,-0.0023615135022778404,-0.0019098640420611018,0.008377297582912542,10.013156484070333
SND2018101809322708,55.355328,33.95773,404.6671,93.73531,-0.0014460439692589014,0.006009361262403793,0.0031076870490301042,-0.007002692499051084,-0.0030175166028094647,0.01418433213067705,10.943887512737025
SND2018101809322731,55.30505,34.035484,404.27106,93.45999,0.003948158667144894,0.008923498722672106,0.0068149597385195075,0.0005404002351715534,0.0009529110705069684,0.016642144921535332,4.207236233976721
SND2018101809322732,55.311672,34.027363,406.30014,93.503426,0.003925323423162975,-0.0020134287917081095,0.005064196395624278,0.002056444509335348,0.0013039811484090748,0.008482121412986758,4.4051077614749685
SND2018101809322733,55.318245,34.01916,406.09805,93.47713,0.0032492705331212844,0.011114639674161557,-0.0004025066653698559,0.016486479918787492,-0.00033546137221797243,0.014997208988993154,4.736511371762306
SND2018101809322734,55.324738,34.01091,406.01822,93.514145,0.0037856189518511644,0.003068239182783498,-0.002332963762401394,0.021431731161965027,0.00040173418891081326,0.007698828674970255,5.330290582728492
SND2018101809322735,55.33109,34.002697,405.19012,93.61824,0.0004878403782870691,0.012866359786320855,-0.000826592085932722,0.010091074715617954,0.003374087616660579,-0.006911397735419626,6.061621990553924
SND2018101809322736,55.337368,33.994415,404.28464,93.65893,0.0025553393085968584,-0.00448093495878218,0.0021136256627560268,-0.0011274570162541741,-0.0016314078545325383,0.011023315177341278,6.89603858584062
SND2018101809322737,55.34355,33.986095,403.9379,93.74209,0.0013923688295154287,-0.0032982457505678544,0.0017192051824243138,-0.0014659262926156379,-0.0006222330160016831,0.006397347497588596,7.795512889178655
SND2018101809322738,55.349648,33.977722,403.89594,93.77567,-0.002626699316321796,0.013831210104643653,-0.0028222479287799023,0.014139692086351859,0.00017762430239628022,0.0011996257088610063,8.724292185732475
SND2018101809322771,55.29934,34.05547,404.85214,93.683136,0.002753719886499758,0.032157411123986644,0.008226025330462919,0.012466142439934368,0.003196149059037074,0.017279136662793883,2.978684267488707
SND2018101809322772,55.30597,34.047348,404.1034,93.5214,-0.0005644933158034802,0.04122208032093016,0.004591474447418037,0.01655773069560616,0.0016266720931014118,0.02378553452791776,3.496928688472929
SND2018101809322773,55.312546,34.03915,405.06995,93.51467,0.004077436923528749,0.018467803149405822,0.006712102812030681,0.005904119474043293,0.0024349293117387986,0.017530739663935233,3.4124778623066563
SND2018101809322774,55.319042,34.0309,403.88168,93.62132,0.002552000033981172,0.022046602718668335,0.004300806530501141,0.007511312420460455,-0.0023213358871051783,0.024901236187743522,3.6123670594281165
SND2018101809322775,55.325397,34.022686,402.99496,93.969894,0.003222931580767692,0.012412446699323404,-0.0008188757095102297,0.021255978446922365,0.003962795837579789,-0.006406948324265779,4.090840917128595
SND2018101809322776,55.33168,34.01441,405.41537,93.57529,-0.0017391279678629114,0.036054552226892106,-0.0017579087019222205,0.020762244748139435,-0.0006624658505061517,0.011261395148453012,4.780005068972182
SND2018101809322777,55.337868,34.00609,404.21948,93.6385,0.0006582789256341777,0.014639056494965552,0.0004834258811739358,0.006780050737758003,0.002085619651421986,0.004671306517333393,5.601936832791484
SND2018101809322778,55.34397,33.99772,403.11148,93.721146,0.0006762088702559342,0.005469496165900503,-0.0004299368481831733,0.006507054925958727,-2.2598245954821955e-05,0.008974043407551572,6.5062212589143105
SND2018101809322801,55.29367,34.075447,404.63736,93.64079,0.011453552166866818,0.029264286371907502,0.012336641687410875,0.021154712935219935,0.007539138712969155,0.027262337263910186,1.1116877968754046
SND2018101809322802,55.300316,34.067326,404.83475,93.58463,0.007965640618521272,0.02025398107180976,0.010225101449273374,0.01206773221631308,0.004115363760955693,0.026133483075659568,2.1650320231564795
SND2018101809322803,55.306908,34.059128,404.2278,93.5974,0.009377462551291094,0.01253465671942412,0.008102764645690224,0.019370587838350058,0.004912542743887449,0.028595922282320847,3.1426321641171273
SND2018101809322804,55.313423,34.050877,404.04776,93.720184,0.018115189286787944,0.030448040237411517,0.008422267540223221,0.025797940876685785,0.009374810630101262,0.01812450286446599,2.689785134371821
SND2018101809322805,55.319794,34.042664,403.91,93.69487,0.007757578532166503,0.018088431311501296,0.004690168922619405,0.016360674048957486,0.005221735149916923,0.007718728495012297,2.6540209107100883
SND2018101809322806,55.326096,34.034386,404.20285,93.69104,0.0067993595222420825,0.004116235068558656,0.0042510003645932605,0.007201298570872867,6.135452362135938e-05,0.02175010519761923,2.915892616685156
SND2018101809322807,55.332302,34.026066,405.1829,93.651634,0.0023613591583630314,0.011609578487316799,0.0026421778062161744,0.002350346530692449,-0.002709640711202455,0.02652109420580715,3.5161466975035687
SND2018101809322808,55.338417,34.017693,403.06277,93.805,0.0018121572224152646,0.015092083904275922,0.003528012330281237,-0.002780651969485564,-0.0031962750282939468,0.02780776515261046,4.315226599692792
SND2018101809322832,55.29476,34.08729,404.04364,93.09827,0.012901197197361186,0.053857085361276376,0.021324331801738018,0.02065513709990342,0.01722053721449787,0.020663411138030125,0.7010215544363987
SND2018101809322833,55.301357,34.079094,405.6062,93.63165,0.011844843908168187,0.010208736305681698,0.012433412509074919,0.011041968953129002,0.004815543343805818,0.02773584188835932,1.5945023706451544
SND2018101809322834,55.307877,34.070847,405.2206,93.52422,0.01413796280840457,0.01371981764856449,0.014952227520587813,0.012174011961838763,0.01149234926081681,0.013839120243721432,2.4972145462665827
SND2018101809322835,55.314255,34.062634,404.8244,93.85106,0.04102176053549429,0.05693690903674645,0.04082302689593395,0.00826978809646882,0.031183896655552493,0.026187291180909723,2.460645799760785
SND2018101809322836,55.320557,34.054356,403.63486,93.832695,0.07299532301061717,0.045972551046501914,0.08574829199417708,-0.011444565496180706,0.0810433624892442,-0.014909330206777288,1.9472081850028546
SND2018101809322837,55.326767,34.046036,402.87665,93.796036,0.022812343555804207,0.05639633062766092,0.013208870386568301,0.022958923852105295,0.011547806937200584,0.023669603014932504,1.9334410248213938
SND2018101809322838,55.33289,34.037666,403.48004,93.89831,0.004169114960774779,0.020023859858112412,0.0016059912200427269,0.017962040938486853,0.0008318399944443023,0.017293573931150778,2.2927914362384874
SND2018101809322874,55.30233,34.090813,402.73276,93.24329,0.010377954511889262,0.04013160743859787,0.01627411592035594,0.017392482371852366,0.009229995823804758,0.027292138387741426,0.9869442958322818
SND2018101809322875,55.308712,34.082603,405.8798,93.53282,0.008503638880679109,0.03012265833235337,0.010585363961577268,0.017789013309393604,0.005420123311307962,0.028593722653500086,2.0363412811667807
SND2018101809322876,55.315018,34.074326,406.07202,93.60208,0.056042043488787496,0.01544916184800123,0.044603891117021476,0.01695915693711196,0.039454953530597664,0.019465478022791423,2.564483570012398
SND2018101809322877,55.32123,34.066006,405.38977,93.7542,0.08561760609138924,-0.005522151022931897,0.10059593057173107,-0.02068938629964552,0.12123002611981137,-0.13314829957153135,1.8164711560895064
SND2018101809322878,55.32736,34.05764,403.4013,93.77607,0.10043192203354863,-0.031572277790428024,0.1540808879186194,-0.06714386103995373,0.18276862275955957,-0.23974802508537083,1.2658445884164324
SND2018101809322901,55.27698,34.13536,403.23273,93.19076,0.03765339875313646,-0.24680253070871,-0.1324051428790743,-0.06823206240854533,-0.1702942835018771,-0.2219075291138978,0.04935403650518747
SND2018101809322905,55.30315,34.10262,402.8401,93.235085,0.024051935934463833,0.03561084531066518,0.025231681121310114,0.021062693437049872,0.01796816873250918,0.03314396415321831,0.5756291530742469
SND2018101809322906,55.30946,34.09435,406.54413,93.472206,0.007575420222103201,0.03289100162907225,0.011743333612751096,0.0163254874601857,0.0029139650918037093,0.039892250269540706,1.510195184804358
SND2018101809322907,55.315678,34.08604,405.4456,93.66027,0.011008695198782158,0.027242815447785493,0.013223122409322944,0.014692842436593348,0.008047142307114246,0.028342456171622947,2.3082187858398755
SND2018101809322908,55.321804,34.07768,406.18387,93.60776,0.017535162868248706,0.03568976283634511,0.010704367703384031,0.01540838548319415,0.004529526771553765,0.02612965920587656,2.171878116508694
SND2018101809322931,55.27139,34.155403,404.30594,92.19088,0.06536642526000054,0.1249162104089875,0.07023530229260742,0.03511768821484756,0.045898700764810195,0.07477315611721036,0.21954310683121708
SND2018101809322932,55.27805,34.147297,408.94864,92.55183,0.07504520251349013,0.1150674534332242,0.049037866997185806,0.056071628193608954,0.01797022848312729,0.08933419998461424,0.09041969894217225
SND2018101809322933,55.284657,34.139107,405.4639,92.87479,0.17781772902885135,-0.4390029714309196,-0.06814166128681715,-0.07187699294142265,-0.09084982770692059,-0.4016385818145364,0.5348590825672325
SND2018101809322936,55.303886,34.114403,401.5669,92.37183,0.07650243111549236,0.04473124840244789,0.06530478616619804,0.031364482585881835,0.05479301463929864,0.041333240867322214,0.0
SND2018101809322937,55.31011,34.106094,405.61752,93.4519,0.015192824565624308,0.030767263767377557,0.01592429534415179,0.023360782656460324,0.011269780345613458,0.027162178483030378,0.6502287947155918
SND2018101809322938,55.316242,34.097736,405.08392,93.60471,0.008621504646116721,0.021085058496417754,0.009135339411283602,0.01823963884918883,0.005093575669141717,0.02430671766025795,1.6664448576162951
SND2018101809322971,55.265793,34.17545,404.1837,91.90435,0.03639519699764783,0.03628367274483438,0.036269314744435184,0.024005225922771396,0.02405773412222695,0.05010568158166919,1.3629542551302538
SND2018101809322972,55.27246,34.167343,403.3486,91.95621,0.03829052169692441,0.09287508564418362,0.04417211014193461,0.037325197095248897,0.03142326213514521,0.05684355518376603,0.724880748526836
SND2018101809322973,55.27907,34.159157,405.25607,92.50623,0.05518112098508783,0.09458539039286948,0.0629732936573689,0.022355405835144247,0.043325956980751444,0.06114876822717013,0.5009325946250369
SND2018101809322974,55.285603,34.15092,409.03848,92.75436,-0.21060507735384112,0.02044140336018861,-0.26836875686125605,0.044206108511618464,-0.3005161158847557,0.08528855749722576,0.6924897033215826
SND2018101809322975,55.291996,34.14272,400.83704,92.6532,-0.38317215931437587,-0.4238069525370482,-0.5601541498338143,-0.02800501585523574,-0.587848843999157,-0.21259320368008397,0.6696548030205159
SND2018101809322978,55.310677,34.11779,395.00012,92.86072,0.03494850075810482,0.0350040593597388,0.036204557972051604,0.017240123428459563,0.026447118591464067,0.038964459517414465,0.0
SND2018101809323001,55.260185,34.195477,405.88742,93.25822,0.010036331026555226,0.028334940862706503,0.012065711866133151,0.015149140804285385,0.00906617228344181,0.01100630863100702,2.1875339112994796
SND2018101809323002,55.26685,34.187366,406.2182,92.72484,0.011640159538107254,0.03579544523562644,0.01263060019098065,0.021048934322169446,0.009099676756089163,0.024017706119799875,2.6861266483835924
SND2018101809323003,55.27346,34.179176,404.2944,92.70688,0.018232116117593764,0.04094792980749651,0.02003104095959435,0.02248918826658451,0.013522605392793693,0.035936706331763234,1.8904373493942406
SND2018101809323004,55.279995,34.170937,405.8255,92.250435,0.022993629770523636,0.0655105152240698,0.026491068552702484,0.028351804041490052,0.01730710215951691,0.043703638515187354,1.5226577875775438
SND2018101809323005,55.286385,34.16273,409.79953,92.22136,0.029389920527919132,0.0809292429637833,0.03772296470505603,0.025510297127131435,0.026696375623275644,0.04414073087580574,1.26436670102694
SND2018101809323006,55.292706,34.154465,412.03653,91.99434,-0.2688785197517526,-0.028932724509341645,-0.3304907421634523,0.04445554289677092,-0.3522211856388629,0.06427246313370373,1.47174176498437
SND2018101809323007,55.29893,34.146152,405.59274,92.436424,-0.5370950930312913,-0.2356403057535038,-0.667588573984971,0.023420376911869045,-0.6980411211546361,0.042971375281502994,0.5633066125241522
SND2018101809323008,55.30507,34.13779,392.92538,92.169525,-0.02461625514659252,0.0687130374243261,-0.06246294737928785,0.03552992676449766,-0.0828526534592228,0.0571043386613918,0.0
SND2018101809323031,55.25453,34.215458,406.9754,93.500145,0.004337904276839313,0.03673352383028196,0.004556815274639888,0.020091047130203616,-0.0002475752684115102,0.029677883002840726,1.3100348929320034
SND2018101809323032,55.261204,34.207348,405.6274,93.493416,0.008046549860083418,0.0184571038114865,0.0030462596027255717,0.022679175455733395,0.003275287395073805,0.016579940108867833,1.7985620100687152
SND2018101809323033,55.26782,34.199158,405.3628,93.55031,0.007429996307787586,0.027697230984039586,0.006787500317204614,0.018456982223114544,0.005358179037542113,0.01522001068966919,2.59415722653078
SND2018101809323034,55.274357,34.19092,402.47586,93.19753,0.010146251847345482,0.025720236887230984,0.008734698317228019,0.020996107885021056,0.003984461898776382,0.03482463792426628,3.163793730237132
SND2018101809323035,55.280754,34.18272,403.67938,92.95025,0.009604514572732356,0.03392621786457375,0.009015618074679014,0.02818437148997034,0.005851312794921514,0.030827118888112622,2.5370564674262392
SND2018101809323036,55.287075,34.17445,407.61325,92.21651,0.012279986879010411,0.05189579354006363,0.012444940136843684,0.030522582247982433,0.006256138262201492,0.044801485114133455,2.17366538014691
SND2018101809323037,55.29331,34.16614,408.90698,92.15839,0.02467087619910791,0.04238330103364158,0.021791954357759644,0.03867019601189431,0.016933930400198093,0.042192371867409824,1.9921625391924191
SND2018101809323038,55.299446,34.15778,409.64627,92.31685,0.019422971487106703,0.043477700957993644,0.009993265491731304,0.03815622257060376,0.002569475860046981,0.04462227648846787,1.6575987535642738
SND2018101809323071,55.24888,34.23544,402.88428,93.62439,0.0037195386297290437,0.023944334401807762,0.0051436142237441095,0.00849446887221452,-0.0016112667379345003,0.027916160588986508,2.8610626841852382
SND2018101809323072,55.255554,34.22733,404.26947,93.58967,-0.000700411430413673,0.03788411922980614,0.005737813680994378,0.0037455365429092174,0.0015227273254654887,0.014815353519797009,2.276414151244756
SND2018101809323073,55.262173,34.219143,405.12274,93.491104,0.0003603283899010678,0.035261111667384396,0.008158137409124838,-0.0011854600131487082,0.0009775753845205645,0.01925960824180215,2.124995150456009
SND2018101809323074,55.268715,34.210907,405.28528,93.62712,0.001973182237295554,0.03617923193792071,0.0045658109988514495,0.0158495015122327,0.005567269017450525,0.0035794010157461833,2.489744174599171
SND2018101809323075,55.275116,34.202705,404.5957,93.43362,0.0035648677108039723,0.03943703026101687,0.00586675327243696,0.01641977579751909,0.0014233901703006337,0.022856567491696855,3.1300696155378307
SND2018101809323076,55.281445,34.19444,403.78717,93.478874,0.005162644215352929,0.027187732537452054,0.00502655411933184,0.02269422009676369,0.0026871639564092684,0.023003781405927154,3.7323856641821256
SND2018101809323077,55.28768,34.18613,404.1571,93.18412,0.004005695303729678,0.04501351002589852,0.009303743105751933,0.016754265807588816,0.0028513265105298445,0.0304458408753983,3.270892798700639
SND2018101809323078,55.293827,34.177773,402.92667,92.99667,0.009222780473556262,0.04004653453696323,0.011412077987359024,0.017608588447583,0.004016613227935887,0.03781570322690547,2.8412557330270682
SND2018101809323101,55.24322,34.25543,403.32663,93.65049,0.00543464932635213,0.0009097822583464402,0.0018417556361611633,0.008445616944530063,0.00315599967526169,0.0035622480861699423,2.6562619252285424
SND2018101809323102,55.2499,34.247322,403.6007,93.56557,0.00024313238539163157,0.025635808461324922,0.0014106236695808957,0.014130956109940512,-0.003044258176036444,0.025033458766041267,3.7281885802512646
SND2018101809323103,55.256527,34.23914,403.81403,93.73325,0.004970376055921145,0.0045308503455029564,0.001541843200763904,0.015216671559916182,-0.003756941253757249,0.02756731512588833,3.4730480812788542
SND2018101809323104,55.263073,34.230904,402.98187,93.73873,-0.003438810834939609,0.04291398546851705,0.004843343375802942,0.002472168508494482,0.001770300793719939,0.005808266335833675,3.0130586598005453
SND2018101809323105,55.269478,34.22271,403.84787,93.89759,-0.0009345887450367986,0.035783949063569936,0.0038364762889751824,0.005469095140277059,-0.0013451484668637358,0.025047544238976087,2.9015246661310052
SND2018101809323106,55.27581,34.214447,404.46375,93.660065,-0.004576941167843543,0.05930504015127821,0.002407800608579938,0.01631930861704905,0.0025904855419885773,0.005780282278077702,3.1755881778571764
SND2018101809323107,55.282047,34.20614,405.4733,93.4596,-0.00030344581177800544,0.04516049646900568,0.001978171887978018,0.026435169637833076,0.001125346370893798,0.022225232574884332,3.7222250187315935
SND2018101809323108,55.2882,34.197784,404.62708,93.46072,0.004124993460536657,0.030752572482389738,0.003845928836686664,0.022022978692585442,0.000294659202901067,0.026057211667644558,4.330097909383225
SND2018101809323131,55.23756,34.275436,403.1803,93.63223,0.004806500534157293,0.0019184605628484283,-0.0006968371426710343,0.02149858491952182,-0.0017857336116060716,0.021648936764229795,0.5835613865677951
SND2018101809323132,55.244244,34.267334,402.78015,93.682076,0.001427739130517339,0.012383868396918634,0.0007337177353817739,0.011661055081984612,-0.0044925635398493195,0.02839784516059512,1.5994641855025158
SND2018101809323133,55.250874,34.25915,403.4744,93.78636,-0.002682841180238358,0.029855147377902173,-0.0008448787770737511,0.01491708167925153,0.002736368172579609,-0.00036162126562462273,2.681655195698035
SND2018101809323134,55.257423,34.25092,403.60376,93.63153,7.297344306372542e-05,0.023111859982157014,-0.0024268136403806494,0.023110184823089165,-0.001386572009420322,0.01889719251382072,3.768764616961427
SND2018101809323135,55.263832,34.24272,404.46823,93.60931,0.0018563307536067508,0.018560227414682263,0.0039060496007665324,0.0037516050952362268,-0.0003698881700173562,0.0164368543385318,4.128568368169473
SND2018101809323136,55.270172,34.234463,405.0684,93.65859,-0.0006498338714518365,0.027664302195051192,0.0013322847578018852,0.011017833830477547,0.004644251249226418,-0.0040067314985877895,3.746425333370369
SND2018101809323137,55.276413,34.22616,404.34488,93.69751,-0.0024620175231049057,0.03828263555512126,0.0008750934211574546,0.014304024376212128,-0.00016901000500261956,0.014604629600324142,3.646955544204598
SND2018101809323138,55.282566,34.217804,403.67416,93.78745,0.001619797904045141,0.027846775165401932,0.006330402912515212,-0.0036368340049544976,-0.005049758437469358,0.04032507752096301,3.852563935094394
SND2018101809323171,55.2319,34.295444,398.16492,94.55364,0.006683253328778917,0.018704312576965622,0.008280457656609215,0.007639554075045074,0.005182349128526182,0.016206566846267673,1.4702779044151506
SND2018101809323172,55.238586,34.287342,398.0234,94.2439,0.00539398908838965,0.0005626263687677793,0.005865396046277119,-0.0014824441360410312,0.0008786867077346939,0.011336906341207926,1.0213491978715783
SND2018101809323173,55.24522,34.279163,405.98636,93.684326,0.005934614671107368,-0.010563908550551136,0.0014998173115197268,0.008561494554097208,0.0021223500873469195,0.0010388891963687362,1.2340761366924953
SND2018101809323174,55.251774,34.27093,403.47964,93.55359,0.0005589787880154579,0.010483817597221936,-0.0009673902038841368,0.014180584810483298,-0.0037416137493515383,0.02154865508759174,1.9769117575262527
SND2018101809323175,55.25819,34.262737,404.25226,93.639336,0.0022869512995373435,0.007433226493376958,-0.00028782124364008896,0.012845450316586966,0.0008363531351321939,0.0034634508751239914,2.9244664779267198
SND2018101809323176,55.26453,34.25448,403.89774,93.69709,0.004012029616469109,0.008825350480758012,0.00110957142896386,0.007878198866197547,0.004515250232041501,-0.004593210496497223,3.943636142524657
SND2018101809323177,55.27078,34.246174,403.7595,93.73955,-0.003439016798804633,0.037950907926291313,0.0031276391159129383,0.003495522585721644,-0.0004401525942822606,0.01228307066888435,4.792400058936138
SND2018101809323178,55.276936,34.237823,403.34702,93.76566,0.004305602428359337,0.001691448084081642,0.0005434316928281788,0.012943356869430616,0.0015816409246648647,0.007561406190903688,4.451369170881942
SND2018101809323203,55.239594,34.299202,398.68582,94.43686,0.005357784402900206,0.005047492047121213,0.0016468636567927711,0.012853743180044196,0.002018180536470391,0.012540797448947962,2.094310645136839
SND2018101809323204,55.24616,34.290977,399.6954,94.349625,0.004876541438588158,-0.004456065080843275,-0.0010859574990616208,0.016001551139669463,-0.0007041770421747866,0.010702322024113328,1.8088858360549884
SND2018101809323205,55.252583,34.282787,402.71436,93.91998,0.0014412228847509583,0.011191254779149411,-0.0017883665546140383,0.014946410058751029,0.0020366108036723304,0.00036208939733537766,1.9416130760592274
SND2018101809323206,55.258934,34.274536,403.67587,93.65851,-0.00018833138984011895,0.015392048768676626,0.00013105957951733307,0.01093504354110296,0.00196408937741313,0.00470811148570821,2.5190147680117136
SND2018101809323207,55.265194,34.26624,405.21558,93.55645,-0.0038007353219087,0.027571814869410807,0.0007572159540480035,0.006539318670401329,0.0022942809688070325,-0.000952167224639365,3.3162928337631787
SND2018101809323208,55.271362,34.257893,404.27493,93.719536,0.004886882747422719,-0.006314465221173718,0.0028685263285260568,0.0007048229287384986,-0.0010464447743240013,0.017603679507551553,4.237111906572549
SND2018101809323236,55.25336,34.29461,404.88202,93.81897,0.0033900547606037184,-0.001831343010094808,-0.0012769457232490724,0.015053115086405881,0.0017236353160382286,0.00011844625312921252,2.570991205632093
SND2018101809323237,55.259624,34.286316,403.53415,93.715256,-3.1439742287971976e-05,0.015848322029810468,-0.0011020662285342359,0.012392225594466795,-0.0014348138280898563,0.008119266975092236,2.6612109052973425
SND2018101809323238,55.265797,34.27797,405.708,93.61729,-0.00026900378051003613,0.017477993176250532,-0.0009132806960317224,0.013877022523045016,0.0014976924913100331,0.006740950583219908,3.1288326860684137
SND2018101809323278,55.26023,34.298046,402.67697,93.945465,0.0036523166717925357,-0.004165501198871485,-0.0016192683544257289,0.014269579333719367,-0.0013983281750431487,0.010652350979372742,3.3041116171686715
